{
  "attempts": 274,
  "solved": 148,
  "solve_rate": 0.5401459854014599,
  "mean_solved_steps": 2.02027027027027
}