{
  "attempts": 274,
  "solved": 163,
  "solve_rate": 0.5948905109489051,
  "mean_solved_steps": 2.2822085889570554
}